,Created at,User ID,User Name,Text,Description,Location,Followers Count,Friends Count,Statuses Count,Profile Image Url
0,Sat Sep 24 10:14:43 +0000 2022,1573616915502845952,ğ•¾ğ–ğ–†ğ–œğ–“ğ– ğ•­ ğ•­ğ–†ğ– ğ•­ğ–†ğ–,@KebabGazz thereâ€™s a few of them on Sky Sports that havenâ€™t got a clue there was one during the transfer deadline dâ€¦ https://t.co/v4G94ccB6h,QPR - Horror - Wrestling,Hayes,1708,1011,72261,http://pbs.twimg.com/profile_images/1572100554028875776/rxVNM1F__normal.jpg
1,Sat Sep 24 09:36:07 +0000 2022,1573607199540133893,Danny Hall,"âš”ï¸ ""A lot of interest"" on deadline day
âš”ï¸ Living in a hotel surrounded by suitcases
âš”ï¸ Talks Brugge, #lfc interestâ€¦ https://t.co/5sVP9BAoiL","Sheffield United writer, @SheffieldStar ğŸ“° | Owner/publisher @VerticalEds Books ğŸ“– | 4x Author ğŸ“š | 3x sports writer of the year ğŸ† | Views are my own","Sheffield, UK",11224,300,39851,http://pbs.twimg.com/profile_images/1389506232143261696/3Co4X5oc_normal.jpg
2,Sat Sep 24 08:33:52 +0000 2022,1573591536687890432,Gerry Mc Dermott,Victor Orta bestows Leeds forward Willy Gnonto with an encouraging label https://t.co/FWu817R7zz,"Leeds United biggest supporter, football fanatic, all round good guy & a Tesco Ireland employee!","Galway, Ireland",5145,5648,133626,http://pbs.twimg.com/profile_images/3312146777/e9b31826217264c67f2752ce12583ee0_normal.jpeg
3,Sat Sep 24 08:11:00 +0000 2022,1573585779208556544,Leeds United News,"Watch this space, says Victor Orta. #lufc 

https://t.co/9dtDOvouWI",Subscribe to @LeedsNews for unlimited access to all the biggest news and sports stories in Leeds with 70% fewer ads: https://t.co/ktmTJXqcLX,"Leeds, England",41381,306,34713,http://pbs.twimg.com/profile_images/1389355963749126151/V6r9x509_normal.jpg
4,Sat Sep 24 07:35:53 +0000 2022,1573576944402436097,.,@FUCKUTR0LL @sydneyswans Definitely didnâ€™t have a major headloss on deadline day and tell the chairman of my footbaâ€¦ https://t.co/N7vD3Yxn1j,Palarse,,118,238,308,http://pbs.twimg.com/profile_images/1573288588867149831/c5neGTl5_normal.jpg
5,Sat Sep 24 07:10:00 +0000 2022,1573570428026716161,Leeds United News,"Victor Orta hoping Willy Gnonto can be something of a surprise package at #LUFC. 

https://t.co/9dtDOv6U5a",Subscribe to @LeedsNews for unlimited access to all the biggest news and sports stories in Leeds with 70% fewer ads: https://t.co/ktmTJXqcLX,"Leeds, England",41381,306,34713,http://pbs.twimg.com/profile_images/1389355963749126151/V6r9x509_normal.jpg
6,Sat Sep 24 06:54:36 +0000 2022,1573566553055952896,Shaun,Victor Orta breaks silence on Leeds United's deadline day disappointment amid Willy Gnonto label https://t.co/UdDBQr6VYA,âš½âš½LUFC âš½âš½ Yorkshire born and bred.           Follow for regular LUFC News updates and stories.,,1377,666,40650,http://pbs.twimg.com/profile_images/3568011486/edc81b2ff21352bd85af383aca467ade_normal.jpeg
7,Sat Sep 24 05:30:23 +0000 2022,1573545359690944512,Sgt Wilkos 1919,Victor Orta breaks silence on #Leeds United's deadline day disappointment amid Willy Gnonto label https://t.co/MrhuP4bUaW,Sgt Wilkos 1919 ğŸ’™ğŸ’› All things #LUFC. Unique Leeds Utd clothing #MOT #ALAW #LeedsUnited,,1080,1561,21907,http://pbs.twimg.com/profile_images/1141440828595986435/oEv3RTfn_normal.jpg
8,Sat Sep 24 05:30:00 +0000 2022,1573545263297269760,Sunderland Echo SAFC,"ğ—ğ—¿ğ—¶ğ˜€ğ˜ğ—·ğ—®ğ—®ğ—» ğ—¦ğ—½ğ—²ğ—®ğ—¸ğ—ºğ—®ğ—»

ğŸ—£ï¸â€œOur model was to design a team to play 4-3-3 that had the flexibility to play 3-4-3 and 3-5-â€¦ https://t.co/JDqwgpYmgz","The latest SAFC news, opinion, analysis from the city's newspaper, the Sunderland Echo. Follow our writers: @Phil__Smith, @Joe_Nicholson96 & @JamesCopley_.",Sunderland,16356,474,106007,http://pbs.twimg.com/profile_images/1554452040549556228/F3A3c31E_normal.jpg
9,Sat Sep 24 05:24:00 +0000 2022,1573543752991391744,Leeds United Fans,Victor Orta breaks silence on Leeds United's deadline day disappointment amid Willy Gnonto label #EveningPostâ€¦ https://t.co/HE8scHeQ3U,Leeds United Football Club News & Blogs! Fan Page NOT linked to Official Club #WeAreLeeds #Leeds #LeedsUtd #LeedsLeedsLeeds #LeedsUnited #LUFC #MOT,,6219,1782,71293,http://pbs.twimg.com/profile_images/920155009752317953/6wCeYPyb_normal.jpg
10,Sat Sep 24 05:17:34 +0000 2022,1573542135462248449,Leeds News App,Victor Orta breaks silence on Leeds United's deadline day disappointment amid Willy Gnonto label: https://t.co/flP5afUpFN,"iOS: https://t.co/ITnL8VCxh1
Android: https://t.co/VfbAk8KV3k","Leeds, England",524,280,61382,http://pbs.twimg.com/profile_images/905348714755215360/UleqrlCD_normal.jpg
11,Sat Sep 24 05:08:00 +0000 2022,1573539725649944577,Leeds United News,"Orta on Gnonto and Dieng. #lufc 

https://t.co/9dtDOvouWI",Subscribe to @LeedsNews for unlimited access to all the biggest news and sports stories in Leeds with 70% fewer ads: https://t.co/ktmTJXqcLX,"Leeds, England",41381,306,34713,http://pbs.twimg.com/profile_images/1389355963749126151/V6r9x509_normal.jpg
12,Fri Sep 23 18:30:00 +0000 2022,1573379168472952833,Sunderland Echo SAFC,"ğŸ—£ï¸Kristjaan Speakman explains Sunderland's transfer approach

#SAFC 

https://t.co/JVZeJ3eMRy","The latest SAFC news, opinion, analysis from the city's newspaper, the Sunderland Echo. Follow our writers: @Phil__Smith, @Joe_Nicholson96 & @JamesCopley_.",Sunderland,16356,474,106007,http://pbs.twimg.com/profile_images/1554452040549556228/F3A3c31E_normal.jpg
13,Fri Sep 23 12:15:00 +0000 2022,1573284795928350720,Sunderland Echo SAFC,"ğ—ğ—¿ğ—¶ğ˜€ğ˜ğ—·ğ—®ğ—®ğ—» ğ—¦ğ—½ğ—²ğ—®ğ—¸ğ—ºğ—®ğ—»

ğŸ—£ï¸â€œOur model was to design a team to play 4-3-3 that had the flexibility to play 3-4-3 and 3-5-â€¦ https://t.co/aefRfColRK","The latest SAFC news, opinion, analysis from the city's newspaper, the Sunderland Echo. Follow our writers: @Phil__Smith, @Joe_Nicholson96 & @JamesCopley_.",Sunderland,16356,474,106007,http://pbs.twimg.com/profile_images/1554452040549556228/F3A3c31E_normal.jpg
14,Fri Sep 23 11:17:01 +0000 2022,1573270203252838402,Richard Mennear,"Interesting from Speakman on striker situation...

#SAFC 

https://t.co/ZAc7FZ6ikM",Assistant Editor (Sport) @sunderlandecho @HPoolMail @shieldsgazette #Safc ğŸ”´âšª #Pools #Nufc âš½ï¸ #Boro ğŸ“° Professional plate spinner richard.mennear@jpimedia.co.uk,,7771,1858,67550,http://pbs.twimg.com/profile_images/1314681690011336705/QKTrNq17_normal.jpg
15,Fri Sep 23 10:27:34 +0000 2022,1573257759784636416,iDiski Times,"""Thank you for the great two years I spent at an amazing football Club.â€

Kermit Erasmus has sent a message to Mameâ€¦ https://t.co/mPcqCHqdAq",Your fastest and most reliable SA football news. Official account for iDiski Times web: https://t.co/wmqszjByel,South Africa,68573,701,14220,http://pbs.twimg.com/profile_images/1321060219582062593/9q6mwdoy_normal.jpg
16,Fri Sep 23 10:00:00 +0000 2022,1573250823286444032,Sunderland Echo SAFC,"ğŸ¤” Sunderland have been left short of striker options following injuries to Ross Stewart and Ellis Simms 

#SAFC 

https://t.co/xMwPKZcztQ","The latest SAFC news, opinion, analysis from the city's newspaper, the Sunderland Echo. Follow our writers: @Phil__Smith, @Joe_Nicholson96 & @JamesCopley_.",Sunderland,16356,474,106007,http://pbs.twimg.com/profile_images/1554452040549556228/F3A3c31E_normal.jpg
17,Fri Sep 23 09:48:52 +0000 2022,1573248020560637952,Macca,"â€œThe question is always going to be, we can go out tomorrow and get a No 9 but if he doesnâ€™t get in front of Leon aâ€¦ https://t.co/skV2WXeXms",Sunderland AFC News And Banter Page our facebook https://t.co/5Qub80ZCAL,"Sunderland, England",10198,3567,230789,http://pbs.twimg.com/profile_images/1275436561434390528/f5CGVTgv_normal.jpg
18,Fri Sep 23 09:15:00 +0000 2022,1573239498019856384,Joe Nicholson,"ğŸ—£ï¸ Kristjaan Speakman on Sunderland's striker options and summer recruitment plans

#SAFC 

https://t.co/NkkAZPzP0j",Football writer for @sunechosafc and @Boro_Mail âš½,England,2288,997,8692,http://pbs.twimg.com/profile_images/1278250548534349824/P67F6xj4_normal.jpg
19,Fri Sep 23 09:12:16 +0000 2022,1573238810762424321,Sunderland Echo,"ğŸ“ Kristjaan Speakman explains Sunderland's transfer strategy

#SAFC 

https://t.co/klP5pEgMCS","News, sport & lifestyle from Sunderland, Durham & the North East. Visit our Facebook page: https://t.co/OzHY4aUJje and follow us on Instagram @SunderlandEcho.","Sunderland, UK",58518,711,125061,http://pbs.twimg.com/profile_images/1572507788277948418/fv75767n_normal.jpg
20,Fri Sep 23 09:12:13 +0000 2022,1573238797021626368,Sunderland Echo SAFC,"ğŸ“ Kristjaan Speakman explains Sunderland's transfer strategy

#SAFC 

https://t.co/xMwPKZuaSq","The latest SAFC news, opinion, analysis from the city's newspaper, the Sunderland Echo. Follow our writers: @Phil__Smith, @Joe_Nicholson96 & @JamesCopley_.",Sunderland,16356,474,106007,http://pbs.twimg.com/profile_images/1554452040549556228/F3A3c31E_normal.jpg
21,Fri Sep 23 08:54:42 +0000 2022,1573234391282814976,PSL News ğŸ‡¿ğŸ‡¦ âš½ ZA,"Orlando Pirates: How Erasmus will fit in Joseâ€™s team

https://t.co/4FtcnLVfJt

#thesouthafrican #pslnews #southafrica #football #soccer","The latest news, highlights and reviews from the South African Premier Soccer League and more...  
#psl #pslnews #pslnewsza #pslhighlights #safanews ğŸ‡¿ğŸ‡¦ âš½",South Africa,11432,8127,76384,http://pbs.twimg.com/profile_images/582574865003122689/p-z0PnaD_normal.png
22,Fri Sep 23 08:31:24 +0000 2022,1573228527280857088,TheSouthAfrican.com,"The latest Orlando Pirates news: Friday 23 September 2022
https://t.co/rfoiMpJxmf
Orlando Pirates were busy on deadâ€¦ https://t.co/b8GXS0Iqws","We are an online news publication, telling empowering stories South Africans want to hear!","London, Cape Town",39754,16929,117646,http://pbs.twimg.com/profile_images/1190197510175952896/sFSGfImh_normal.jpg
23,Fri Sep 23 08:30:18 +0000 2022,1573228251396333569,TheSouthAfrican.com,"The latest Orlando Pirates news: Friday 23 September 2022
https://t.co/sQrhYGxk6Y
Orlando Pirates were busy on deadâ€¦ https://t.co/jkUfHFcRYW","We are an online news publication, telling empowering stories South Africans want to hear!","London, Cape Town",39754,16929,117646,http://pbs.twimg.com/profile_images/1190197510175952896/sFSGfImh_normal.jpg
24,Fri Sep 23 08:21:15 +0000 2022,1573225970777063425,Terry Fuck,@HrryBtlr Why's he reporting it like a football signing on deadline day,Terry Fuck,Terry Fuck,2609,911,34647,http://pbs.twimg.com/profile_images/1510311913758023683/WyRn0qGH_normal.jpg
25,Fri Sep 23 06:39:11 +0000 2022,1573200284347764736,Pá´€á´›Ê€Éªá´„á´‹ Aá´‹á´œá´‹á´œ,I heard a certain club in the UPL tried to sign Fahad Bayo in the last minute on transfer deadline day but failed.â€¦ https://t.co/cKxEKZsj1N,Introvert | Loner | Joker | Workaholic | Arsenal till I die | Forever Onduparaka FC fan | Lover of bang - for - the - Buck and your opinion doesn't matterğŸ˜…,"Arua, Uganda",1125,798,3548,http://pbs.twimg.com/profile_images/1573398860927565831/h6aEPxUw_normal.jpg
26,Fri Sep 23 06:31:32 +0000 2022,1573198360701726727,Nodibhoza Son of Bhojwana,"Jobe usually greets Chiefs fans only, deadline day dealt with him. This morning he's greeting all football fans â˜¹ï¸","God, family, country and Kaizer Chiefs. 3:39 Marathon PB. Back to back Comrades Marathon medalist 09:47:51, 11:48:18",Richards Bay,4948,1627,114544,http://pbs.twimg.com/profile_images/1441084393783586820/qg_DhWoK_normal.jpg
27,Fri Sep 23 05:51:02 +0000 2022,1573188169226395650,PSL News ğŸ‡¿ğŸ‡¦ âš½ ZA,"Deadline Day: Which PSL transfers went through last night?

https://t.co/YufHaW7lEm

#thesouthafrican #pslnewsâ€¦ https://t.co/b5vT2MUAi7","The latest news, highlights and reviews from the South African Premier Soccer League and more...  
#psl #pslnews #pslnewsza #pslhighlights #safanews ğŸ‡¿ğŸ‡¦ âš½",South Africa,11432,8127,76384,http://pbs.twimg.com/profile_images/582574865003122689/p-z0PnaD_normal.png
28,Fri Sep 23 05:00:07 +0000 2022,1573175353643769857,PSL News ğŸ‡¿ğŸ‡¦ âš½ ZA,"REPORT: Pirates snuck in second deadline day signing!

https://t.co/BGb3zZjBbA

#thesouthafrican #pslnews #southafrica #football #soccer","The latest news, highlights and reviews from the South African Premier Soccer League and more...  
#psl #pslnews #pslnewsza #pslhighlights #safanews ğŸ‡¿ğŸ‡¦ âš½",South Africa,11432,8127,76384,http://pbs.twimg.com/profile_images/582574865003122689/p-z0PnaD_normal.png
29,Thu Sep 22 20:59:36 +0000 2022,1573054430177550340,sportsnewz.today,Chelsea: Denis Zakaria says he nearly joined Liverpool on deadline day |Â Football https://t.co/g5gp8yUw8A,ğŸ’¯ follow backğŸ’¯...follow me!!!sports newz!!! #follow #back #followback #nba #ufc #nfl #nhl #mlb #boxing #mls #premierleague #laliga #f1 #tennis,United States,275,1888,38473,http://pbs.twimg.com/profile_images/1547490042834190336/4uReOVBR_normal.jpg
30,Thu Sep 22 19:40:36 +0000 2022,1573034549323636736,Newsnoon,Metro: Denis Zakaria reveals he nearly joined Liverpool instead of Chelsea on deadline day #footballâ€¦ https://t.co/wAbIzSyhBL,"Official https://t.co/HZLqduEAKT account.
Keeping you informed and up to date with breaking news around the world.",,381,7,70718,http://pbs.twimg.com/profile_images/1469715745080807431/ek8yB59k_normal.jpg
31,Thu Sep 22 15:37:13 +0000 2022,1572973297284907010,The Buccaneers TalkzoneğŸ™ï¸,"ğŸ™ï¸| Ndlondlo on his deadline day move to the Buccaneers:

""I am happy to be here.This is a dream come true for me""â€¦ https://t.co/L7D1Lt4J7C","News, updates, photos and much more about the Buccaneers. We are here because we love Orlando Pirates Football Clubâ˜ ï¸ ğŸ´â€â˜ ï¸.","Johannesburg, South Africa",628,482,236,http://pbs.twimg.com/profile_images/1563632089349492736/bwSP5OdF_normal.jpg
32,Thu Sep 22 15:34:02 +0000 2022,1572972498077061120,PSL News ğŸ‡¿ğŸ‡¦ âš½ ZA,"BREAKING: Pirates confirm big signing on deadline day

https://t.co/gZnRk4ZWYV

#thesouthafrican #pslnews #southafrica #football #soccer","The latest news, highlights and reviews from the South African Premier Soccer League and more...  
#psl #pslnews #pslnewsza #pslhighlights #safanews ğŸ‡¿ğŸ‡¦ âš½",South Africa,11432,8127,76384,http://pbs.twimg.com/profile_images/582574865003122689/p-z0PnaD_normal.png
33,Thu Sep 22 14:17:22 +0000 2022,1572953203116806144,TEAMtalk,ğŸ“° | Leeds director of football Victor Orta has spilled the beans on his clubâ€™s failure to convince PSV to sell Codyâ€¦ https://t.co/qMSyRaKz64,"Football transfer gossip and rumours, breaking news, stats, exclusive features and more...ğŸ‘‡","Leeds, UK",87841,7763,185105,http://pbs.twimg.com/profile_images/1389358742559461376/7m1kyaTV_normal.jpg
34,Thu Sep 22 11:57:46 +0000 2022,1572918071131795456,Tondie,"@blackpresidante @OfficialPSL Whatever way. Tell him to improve his content, this account must play a huge role inâ€¦ https://t.co/cGOZAN1w1J",,,59,114,703,http://pbs.twimg.com/profile_images/1523248153062948864/fbSVNtJ9_normal.jpg
35,Thu Sep 22 11:30:20 +0000 2022,1572911166904569858,Terriers Addict,Josh Koroma's 'nervous' deadline day and Portsmouth decision amid Championship interest | Examiner https://t.co/ztEzEiWBux,All the latest #HTAFC news from around the web with https://t.co/jaQTKsbZhJ #HuddersfieldTown #Terriers,"Huddersfield, England",142,129,13755,http://pbs.twimg.com/profile_images/869823489020239872/cWVT7ukO_normal.jpg
36,Thu Sep 22 11:15:35 +0000 2022,1572907455926996996,Sports Informer,Switzerland star says Liverpool almost signed him on deadlineÂ day https://t.co/wLy9ZPxgiT,Transfer news & gossip from the Premier League & beyond. Updates every 40 minutes.  Sports StartUp,"Reading, UK",171,97,208490,http://pbs.twimg.com/profile_images/1307557569418997763/2daCFXvp_normal.jpg
37,Thu Sep 22 11:08:24 +0000 2022,1572905649188618246,PSL News ğŸ‡¿ğŸ‡¦ âš½ ZA,"Orlando Pirates: What to expect on PSL transfer deadline day

https://t.co/DPZUDLw99t

#thesouthafrican #pslnewsâ€¦ https://t.co/iY74tM6D06","The latest news, highlights and reviews from the South African Premier Soccer League and more...  
#psl #pslnews #pslnewsza #pslhighlights #safanews ğŸ‡¿ğŸ‡¦ âš½",South Africa,11432,8127,76384,http://pbs.twimg.com/profile_images/582574865003122689/p-z0PnaD_normal.png
38,Thu Sep 22 10:59:33 +0000 2022,1572903422172532736,Huddersfield Town - Yorkshire Live,"'The player had options in the Championship' | #HTAFC 
https://t.co/sjptzEbZ6L","Huddersfield Town news from YorkshireLive. #htafc #utt
We're on Facebook: https://t.co/J6g8BbUxGx
Get our newsletter from https://t.co/tN2OJ3GM3F",Huddersfield,14037,612,54330,http://pbs.twimg.com/profile_images/1122809590435983360/YUdAtKaQ_normal.png
39,Thu Sep 22 10:22:23 +0000 2022,1572894068148928512,PSL News ğŸ‡¿ğŸ‡¦ âš½ ZA,"Deadline transfers: Orlando Pirates to announce keeper?

https://t.co/gDXbsu9Cj9

#thesouthafrican #pslnews #southafrica #football #soccer","The latest news, highlights and reviews from the South African Premier Soccer League and more...  
#psl #pslnews #pslnewsza #pslhighlights #safanews ğŸ‡¿ğŸ‡¦ âš½",South Africa,11432,8127,76384,http://pbs.twimg.com/profile_images/582574865003122689/p-z0PnaD_normal.png
40,Thu Sep 22 09:20:00 +0000 2022,1572878367887568896,Manchester City News,"City's Â£15m deadline day signing could have inadvertently solved a problem that was bugging them all summer #mcfc
https://t.co/zWNi02vEoo","Manchester City news from the Manchester Evening News, we're on Facebook at https://t.co/RKPCu4ud6G

Subscribe to our FREE newsletter for daily Man City news ğŸ‘‡","Manchester, UK",313836,356,171204,http://pbs.twimg.com/profile_images/1045658608090927104/jYyX-ySz_normal.jpg
41,Thu Sep 22 09:16:10 +0000 2022,1572877403898408965,PSL News ğŸ‡¿ğŸ‡¦ âš½ ZA,"LIVE: PSL deadline day; all the news and moves

https://t.co/EkUDY2nOh5

#thesouthafrican #pslnews #southafrica #football #soccer","The latest news, highlights and reviews from the South African Premier Soccer League and more...  
#psl #pslnews #pslnewsza #pslhighlights #safanews ğŸ‡¿ğŸ‡¦ âš½",South Africa,11432,8127,76384,http://pbs.twimg.com/profile_images/582574865003122689/p-z0PnaD_normal.png
42,Thu Sep 22 08:30:13 +0000 2022,1572865839594115073,PSL News ğŸ‡¿ğŸ‡¦ âš½ ZA,"Kaizer Chiefs: What to expect on PSL transfer deadline day

https://t.co/tDJ9DyvQpu

#thesouthafrican #pslnewsâ€¦ https://t.co/Qhd5mbIi2g","The latest news, highlights and reviews from the South African Premier Soccer League and more...  
#psl #pslnews #pslnewsza #pslhighlights #safanews ğŸ‡¿ğŸ‡¦ âš½",South Africa,11432,8127,76384,http://pbs.twimg.com/profile_images/582574865003122689/p-z0PnaD_normal.png
43,Thu Sep 22 08:11:06 +0000 2022,1572861029021003777,PSL News ğŸ‡¿ğŸ‡¦ âš½ ZA,"Five PSL transfers that could go through on deadline day

https://t.co/RomaG05yHJ

#thesouthafrican #pslnews #southafrica #football #soccer","The latest news, highlights and reviews from the South African Premier Soccer League and more...  
#psl #pslnews #pslnewsza #pslhighlights #safanews ğŸ‡¿ğŸ‡¦ âš½",South Africa,11432,8127,76384,http://pbs.twimg.com/profile_images/582574865003122689/p-z0PnaD_normal.png
44,Thu Sep 22 07:49:19 +0000 2022,1572855548227330048,PSL News ğŸ‡¿ğŸ‡¦ âš½ ZA,"Mamelodi Sundowns: What to expect on transfer deadline day

https://t.co/kI747SC44m

#thesouthafrican #pslnewsâ€¦ https://t.co/OUD6dI26qM","The latest news, highlights and reviews from the South African Premier Soccer League and more...  
#psl #pslnews #pslnewsza #pslhighlights #safanews ğŸ‡¿ğŸ‡¦ âš½",South Africa,11432,8127,76384,http://pbs.twimg.com/profile_images/582574865003122689/p-z0PnaD_normal.png
45,Thu Sep 22 06:12:18 +0000 2022,1572831133611732992,PSL News ğŸ‡¿ğŸ‡¦ âš½ ZA,"DEADLINE DAY: Could Pirates pull off this key transfer?

https://t.co/AA3lfuQ0Oi

#thesouthafrican #pslnews #southafrica #football #soccer","The latest news, highlights and reviews from the South African Premier Soccer League and more...  
#psl #pslnews #pslnewsza #pslhighlights #safanews ğŸ‡¿ğŸ‡¦ âš½",South Africa,11432,8127,76384,http://pbs.twimg.com/profile_images/582574865003122689/p-z0PnaD_normal.png
46,Thu Sep 22 05:33:34 +0000 2022,1572821383545257984,MSN South Africa,DEADLINE DAY: Chiefs comment on Erasmus links https://t.co/7jsHTqqJ8p,"Get quick access to your email accounts, social networks and Microsoft apps from your MSN homepage.","Cape Town, South Africa",11943,431,241359,http://pbs.twimg.com/profile_images/517462133064228864/b0K25Kws_normal.png
47,Thu Sep 22 05:00:49 +0000 2022,1572813141918056451,PSL News ğŸ‡¿ğŸ‡¦ âš½ ZA,"DEADLINE DAY: Chiefs comment on Erasmus links

https://t.co/5zdjsrRf2B

#thesouthafrican #pslnews #southafrica #football #soccer","The latest news, highlights and reviews from the South African Premier Soccer League and more...  
#psl #pslnews #pslnewsza #pslhighlights #safanews ğŸ‡¿ğŸ‡¦ âš½",South Africa,11432,8127,76384,http://pbs.twimg.com/profile_images/582574865003122689/p-z0PnaD_normal.png
48,Wed Sep 21 16:15:00 +0000 2022,1572620419567271936,BHAFC Live,"Steven Alzate was the subject of deadline day interest from West Brom, before he moved to Standard Liege ğŸ§

#BHAFCâ€¦ https://t.co/tzi6h68Scs","All the latest Brighton & Hove Albion FC news, views, pictures and videos from Sussex Live.",,776,181,9371,http://pbs.twimg.com/profile_images/1268203997699149826/8NeEsVs6_normal.jpg
49,Wed Sep 21 08:45:45 +0000 2022,1572507362098909184,Alex James,"Jordan Beyer was composed on debut. 

Does he partner THB long-term? 

Harsh on Taylor but do you sign a player (alâ€¦ https://t.co/Il7NhNtwih",Burnley FC writer at Lancs Live covering the Clarets home and away. Views are my own.,Manchester,5879,1400,24516,http://pbs.twimg.com/profile_images/1123296193042370561/S2M6_EVP_normal.png
50,Wed Sep 21 05:52:06 +0000 2022,1572463661104656386,MailOnline Sport,Liverpool's deadline day signing Arthur plays for Reds Under 21 side before being replaced by former star Jay Spearâ€¦ https://t.co/FzKs3n4jIo,"All the top stories, breaking news and opinion from the world of sport.   Facebook: https://t.co/whD8laDQmn Instagram: https://t.co/NomZBhs9Dq",,518238,863,357949,http://pbs.twimg.com/profile_images/1567929856184262661/XbdwCC6a_normal.jpg
51,Wed Sep 21 05:40:10 +0000 2022,1572460657357864961,ğ”¸ğ•-ğ•™ğ•’ğ•›ğ•š ğ•€ğ•¤ğ•ğ•’ğ•šğ•,Liverpool's deadline day signing Arthur Melo continues road to full fitness for Reds Under 21 side lasting an hour.â€¦ https://t.co/Oib07bRqT3,"Red-Devil fan & a football freak pundit,#MUFC.Givin u d BEST sports Updates on Fotball & F1,News,Gossip. Racist dnt bother 2 follow m. Unfollow xpect d same bck","Leicester, United Kingdom",1592,1836,245442,http://pbs.twimg.com/profile_images/1322104591442468864/IlkmiYHh_normal.jpg
52,Wed Sep 21 04:44:34 +0000 2022,1572446667403841536,PSL News ğŸ‡¿ğŸ‡¦ âš½ ZA,"Pre deadline reports: Orlando Pirates defender moving on loan?

https://t.co/Z20L6ptKJb

#thesouthafrican #pslnewsâ€¦ https://t.co/CNFan11ISe","The latest news, highlights and reviews from the South African Premier Soccer League and more...  
#psl #pslnews #pslnewsza #pslhighlights #safanews ğŸ‡¿ğŸ‡¦ âš½",South Africa,11432,8127,76384,http://pbs.twimg.com/profile_images/582574865003122689/p-z0PnaD_normal.png
53,Tue Sep 20 23:43:23 +0000 2022,1572370870454329344,Morgan Wick,"Show moves to Tuesday, not even Monday. Guessing they're trying to avoid any late-season football competition (theâ€¦ https://t.co/kYnZ9U198s",THE GAME TO SHOW THE GAMES available for Kindle: https://t.co/z71ottjuiW I write about sports media and other important things.,Seattlite in exile in LA,313,41,108320,http://pbs.twimg.com/profile_images/679957789834268672/9tchNOHf_normal.jpg
54,Tue Sep 20 22:14:37 +0000 2022,1572348530215489536,Lee Carey,Denis Zakaria opens up on deadline day move to Chelsea / https://t.co/Id9fWDxb7d #PremierLeague #FPL #EPLâ€¦ https://t.co/dKKulJJ4AA,"Football âš½, Dad, Petrol Head. Loving Life 
#Football #pitchfooty #premierleague #EPL #FPL #MatchDay",United Kingdom,265,73,4615,http://pbs.twimg.com/profile_images/1558063752989270016/6ybpw6hV_normal.jpg
55,Tue Sep 20 22:06:03 +0000 2022,1572346374569484293,yamini Bangde,"Denis Zakaria makes stunning revelation over Chelsea transfer

Switzerland international Denis Zakaria has made a sâ€¦ https://t.co/zON5z4oo4s",,,109,130,11109,http://pbs.twimg.com/profile_images/1132065263719817216/4SancC7__normal.jpg
56,Tue Sep 20 21:10:12 +0000 2022,1572332321055080448,Bruce Wayne,@KarlaCoralMD @rrosshhh305 @StoriesImg @Inside_TheMatch Most of us unfortunately don't have a football team worth oâ€¦ https://t.co/eOFYsPAaz8,,,0,3,8,http://pbs.twimg.com/profile_images/1561990552719089667/nqfgRI7t_normal.png
57,Tue Sep 20 19:27:08 +0000 2022,1572306381956591617,PPFL Team,"Denis Zakaria makes stunning revelation over Chelsea transfer https://t.co/qUD3xRZOd4

Switzerland international Deâ€¦ https://t.co/aJS2u9bt7m","PPFL Online -
Home of Football competitions including Goals Galore, Fantasy Football & Predictions","Berkshire, England",214,1038,14831,http://pbs.twimg.com/profile_images/618718111047376896/CiDyecSd_normal.png
58,Tue Sep 20 15:00:02 +0000 2022,1572239163797245952,Saints Live,"#SaintsFC fan favourite Oriol Romeu explains decision behind deadline day transfer to Girona

https://t.co/3dpfdXeyCg",All the latest Southampton FC news... ï¸âš½ï¸,"St. Mary's, Southampton.",3879,243,17464,http://pbs.twimg.com/profile_images/1268200530150645762/VemIMjaA_normal.jpg
59,Tue Sep 20 14:49:40 +0000 2022,1572236554877259781,Sports Informer,"Chelsea â€˜arrived day before deadlineâ€™ with â‚¬40m offer â€“ Rejected, and club director nowÂ sacked https://t.co/6BZR8FD0yF",Transfer news & gossip from the Premier League & beyond. Updates every 40 minutes.  Sports StartUp,"Reading, UK",171,97,208490,http://pbs.twimg.com/profile_images/1307557569418997763/2daCFXvp_normal.jpg
60,Tue Sep 20 13:18:30 +0000 2022,1572213613187964934,scotnews_edits,Cameron Carter-Vickers: Celtic face '23-day deadline' to sign in-demand Tottenham Hotspur star | The Scotsmanâ€¦ https://t.co/RIYKZJP41i,"Tracking the edits of Scottish news online. On time,  not 41 hours early and whining",,465,76,195481,http://pbs.twimg.com/profile_images/1012299222425784320/IbXexdgf_normal.jpg
61,Tue Sep 20 11:26:13 +0000 2022,1572185354748272643,Blackburn Rovers Live,"A question on the mystery deadline day target.

#Rovers 

https://t.co/muXuxWjpwh",Blackburn Rovers news and live match updates from @_ElliottJackson and the @LiveLancs team. Find us on https://t.co/SJGbfJlCdK,,2242,28,7750,http://pbs.twimg.com/profile_images/1270681708401176576/NSnTbBVB_normal.jpg
62,Tue Sep 20 11:13:58 +0000 2022,1572182273209802754,The Compound,Chargers vs Chiefs game saw â€œthe biggest three hours for U.S. Prime sign ups ever in the history of Amazon â€“ includâ€¦ https://t.co/FhWCzJGPtg,"Investing - Technology - Business - Markets - Economics, as selected by the best curators in the business
https://t.co/yzwRchxJna","Manhattan, NY",25356,0,8855,http://pbs.twimg.com/profile_images/1417213386513948683/jCAYd-aA_normal.jpg
63,Tue Sep 20 06:34:07 +0000 2022,1572111847301455872,Mr Steve Shelby,https://t.co/9Jq6lMkep0 Man Utd received transfer response from Cody Gakpo but had to prioritise another starâ€¦ https://t.co/Sf8Bu9ONSz,"Designer, Lover of #TV #Football #Boxing #Oasis #Ofah #PeakyBlinders, share a lot of Global #News & stuff on the #RoyalFamily .. @DesignonPrint @BoxingInclusive","England, United Kingdom",1847,4778,224823,http://pbs.twimg.com/profile_images/1573341610624122882/lP2pGD5L_normal.jpg
64,Tue Sep 20 05:05:47 +0000 2022,1572089618358730754,Francis,Arthur Melo taking chance to prove he's exactly what Jurgen Klopp needs at Liverpool: Liverpool's transfer deadlineâ€¦ https://t.co/fWpLF0lVyv,"Where there is hatred, let me sow love. Start by doing what's necessary; then do what's possible; and suddenly you are doing the impossible.",Ohio,31,300,3581,http://pbs.twimg.com/profile_images/1568988779163123713/u9uvqFXF_normal.jpg
65,Tue Sep 20 02:47:23 +0000 2022,1572054786157219842,Meta Sports,"Man Utd received Gakpo transfer response but prioritised another star https://t.co/g9RKAdaTcu 

#PremierLeagueâ€¦ https://t.co/cWC8ENnXEm","Meta Sports create the world's first meta-universe sports industry ecology
Gitbook https://t.co/WdpxRnOh6A",,6467,11,175,http://pbs.twimg.com/profile_images/1562286783978545152/tLXJbXDQ_normal.jpg
66,Tue Sep 20 02:11:40 +0000 2022,1572045800976576512,Tom & Jim,"â€œThis is a massive achievement. During our TNF broadcast, we also saw the biggest three hours for U.S. Prime sign uâ€¦ https://t.co/RaLn8oGrxn",Famiglia. Turbo & Bible Bro Code.ğŸ¸ğŸ¢ğŸ¦–ğŸ’ğŸ¦§ğŸ¦ğŸğŸ£ğŸ¦…ğŸ‡ºğŸ‡¸. WinterZ coming. Tufâ€™n up Nâ€™ embrace the Suk. This 2 shall pASS. BeanZ & Tuna: The Keto Diet 4 WARriorZ.,,315,4227,3075,http://pbs.twimg.com/profile_images/1520549695260545024/bom71xNQ_normal.jpg
67,Tue Sep 20 00:23:03 +0000 2022,1572018466475118592,442betting,Man Utd received transfer response from Cody Gakpo but had to prioritise another star https://t.co/X17PRjaTWb https://t.co/ARdLn52f2z,"Football news, tips & more! click the link below to see how you could 'invest' in betting! âš½ï¸ 18+",United Kingdom,501,916,8091,http://pbs.twimg.com/profile_images/911049366735147010/MFNPHw5r_normal.jpg
68,Mon Sep 19 21:50:04 +0000 2022,1571979964802650112,Mr Steve Shelby,https://t.co/9Jq6lMkep0 Man Utd received transfer response from Cody Gakpo but had to prioritise another starâ€¦ https://t.co/lCvmeBFX7z,"Designer, Lover of #TV #Football #Boxing #Oasis #Ofah #PeakyBlinders, share a lot of Global #News & stuff on the #RoyalFamily .. @DesignonPrint @BoxingInclusive","England, United Kingdom",1847,4778,224823,http://pbs.twimg.com/profile_images/1573341610624122882/lP2pGD5L_normal.jpg
69,Mon Sep 19 20:46:44 +0000 2022,1571964026787069953,Express Sport,"Man Utd received transfer response from Cody Gakpo but had to prioritise another star #MUFC 

https://t.co/RCj8iqETwa",The latest sports news from the @Daily_Express. Like us on Facebook: http://t.co/E0YGnLJN5m,London,59685,458,206756,http://pbs.twimg.com/profile_images/1348626537592057856/N11SbW4K_normal.jpg
70,Mon Sep 19 01:27:54 +0000 2022,1571672395962011649,TShirt Design,Transfer news and gossip as the Premier League moves on from Deadline Day - but the football rumour mill never stopâ€¦ https://t.co/Y0uZhBVpdk,,United States,41,690,1929,http://pbs.twimg.com/profile_images/1570348206269276162/yx9hWu2m_normal.jpg
71,Mon Sep 19 00:00:50 +0000 2022,1571650484838047744,Brian,"Waiting on Sean and @RealKevinNash cover this

https://t.co/c81JpdNvQT",,,196,1066,18217,http://pbs.twimg.com/profile_images/1188842418365444096/hIT_VKBp_normal.jpg
72,Sun Sep 18 12:18:56 +0000 2022,1571473847437623297,Aaron Kwakye,@Footbollistic I wasnâ€™t feeling football after deadline day ğŸ˜­ğŸ˜­ğŸ˜­ğŸ˜­,"Filmmaker, Content Creator, A guy who loves travel",,20,283,403,http://pbs.twimg.com/profile_images/1503525314667945986/7-ZzugyB_normal.jpg
73,Sun Sep 18 04:30:11 +0000 2022,1571355883098996737,Chelsea Addict,Harvey Vale learns swift Hull lesson but Chelsea transfer deadline day decision vindicated #ChelseaFC |â€¦ https://t.co/UwJPu5yKEq,Bringing you all the latest news from #ChelseaFC with https://t.co/jaQTKsbZhJ. #CFC,"London, England",3589,4961,75159,http://pbs.twimg.com/profile_images/859483477581983746/_hVBIxo7_normal.jpg
74,Sat Sep 17 14:17:34 +0000 2022,1571141316196679682,#KTBFFH,Harvey Vale learns swift Hull lesson but Chelsea transfer deadline day decision vindicated: https://t.co/jCQY64Du6o,Available on Android (https://t.co/DFNVJmJVmv) and iOS (https://t.co/M3b3Y84pqU),Stamford Bridge,796,279,99849,http://pbs.twimg.com/profile_images/1154007934608773121/7IKYqLiZ_normal.png
75,Sat Sep 17 13:53:25 +0000 2022,1571135237048143873,Lynn Hamer,Chelsea loanee learns swift lesson on debut but deadline day decision vindicated https://t.co/ahiclfKp5l via @NewsNowUK,"I was a Blues fan before plastic was invented. In case you're mistaken,I am male and married to @hoolewis,feel free to follow her too. https://t.co/vXvNxxZeK3","South Wales,UK",26720,9066,576175,http://pbs.twimg.com/profile_images/1529698739/IMG00128-20110501-1335_normal.jpg
76,Sat Sep 17 10:25:37 +0000 2022,1571082942834937856,Patrick McPartlin,"Lee Johnson is back in the dugout after recovering from his operation. Here he discusses his health, transfer deadlâ€¦ https://t.co/xvCLe9Iyo7",Write about Hibs for the Evening News. Asian-Irish fusion ğŸ‡²ğŸ‡¾ğŸ‡®ğŸ‡ª,EDI,6405,1977,23991,http://pbs.twimg.com/profile_images/1541528620585328641/VSKXH7zA_normal.jpg
77,Sat Sep 17 07:08:42 +0000 2022,1571033385501351937,Helen Bancroft-Morris,Good Morning. Are you a women playing or working in the Football âš½ï¸ industry? Yes? It's your lucky day! The HEINEKEâ€¦ https://t.co/XT8gFc8pma,HBMtelemarketing,"England, United Kingdom",140,294,431,http://pbs.twimg.com/profile_images/1286260473374154752/qz7nx7I2_normal.jpg
78,Fri Sep 16 21:26:55 +0000 2022,1570886976571854849,Mike Raps,"@PremLeaguePanel Chelsea and Liverpool not picking up Kamara on a free is a crime against football, especially afteâ€¦ https://t.co/VCoylQ1rUl",,,196,2850,10325,http://abs.twimg.com/sticky/default_profile_images/default_profile_normal.png
79,Fri Sep 16 18:30:01 +0000 2022,1570842459973726208,Balls.ie,"Obafemi has not been playing after looking to leave the club on deadline day.
https://t.co/11kEQn8KSE",Subscribe to the https://t.co/sSpiYX96qi YouTube channel for all our latest shows https://t.co/nX5szehQU1,Ireland,113657,8001,253594,http://pbs.twimg.com/profile_images/1531988436218957825/CfHn7mSp_normal.png
80,Fri Sep 16 15:49:15 +0000 2022,1570801999377240065,Leeds Scum,@ben41778518 @LUFC Targeted to get in for free in Jan (as he isn't ready for PL football) Instead due to not gettinâ€¦ https://t.co/Uis011TDkK,#LUFC & #MMA,,239,749,3627,http://pbs.twimg.com/profile_images/1291348743141326849/YPANdBQ6_normal.jpg
81,Fri Sep 16 08:02:20 +0000 2022,1570684498068787200,Sports Informer,â€œMoments of great stressâ€ â€“ Fulham man reveals didnâ€™t know â€˜which flight to takeâ€™ on deadlineÂ day https://t.co/kmaBbPWP2t,Transfer news & gossip from the Premier League & beyond. Updates every 40 minutes.  Sports StartUp,"Reading, UK",171,97,208490,http://pbs.twimg.com/profile_images/1307557569418997763/2daCFXvp_normal.jpg
82,Fri Sep 16 07:40:36 +0000 2022,1570679027043823616,AllNigeriaSoccer,Official : Super Eagles midfielder completes deadline day move to Aris :: All Nigeria Soccer - The Complete Nigeriaâ€¦ https://t.co/wNtqtwHRQe,"Nigeria's number one voice on the transfer market, dual-eligible players and stars of the future. Often cited by European Sports Media (ESM). Statistics expert.","Lagos, Nigeria",8470,818,72538,http://pbs.twimg.com/profile_images/837241033738104837/BO4P_4Uy_normal.jpg
83,Fri Sep 16 07:38:05 +0000 2022,1570678395016445952,Scotsman Sport,ğŸ†• 'I was taking calls as the anaesthetist was about to put me under': Hibs manager Lee Johnson opens up on the painâ€¦ https://t.co/25rwiECm22,Sports from @thescotsman. Also on https://t.co/sENi6WtK0F,,8051,1044,60384,http://pbs.twimg.com/profile_images/491628319075340289/K6A39FlG_normal.jpeg
84,Fri Sep 16 06:00:00 +0000 2022,1570653710467973122,Daily Record Sport,"Lee Johnson reveals health scare left him writhing in Hibs office in 'agony' trying to conduct deadline day deals

https://t.co/6LenNujTHi","HWG ğŸ´ó §ó ¢ó ³ó £ó ´ó ¿ 
Instagram: @dailyrecord_sport
Newsletters: https://t.co/BVCS4EL5J5
Facebook: DailyRecordSport",Scotland,61708,988,168922,http://pbs.twimg.com/profile_images/1437567350589595653/5IUEzLh2_normal.jpg
85,Fri Sep 16 02:51:09 +0000 2022,1570606186428518400,Vonda Anderson,"Atletico Madrid star rejected Barcelona move in swap deal involving Griezmann on deadline day
#Poster #Barcelonaâ€¦ https://t.co/3G2okgWtgj",ğŸ‡ºğŸ‡¸ Itâ€™s strange how dreams get under your skin and give your heart a test for whatâ€™s real and whatâ€™s imaginary. ğŸ‡ºğŸ‡¸,"oakland, CA ğŸ‡ºğŸ‡¸",127,36,10687,http://pbs.twimg.com/profile_images/1509156826298093576/euH6szzr_normal.jpg
86,Thu Sep 15 21:37:49 +0000 2022,1570527333299396608,Oscar,"Run a football club they said, it would be fun they said. Fuck me spend my whole life running it ğŸ¤£ğŸ¤£ğŸ¤£ transfer deadlâ€¦ https://t.co/3I3PJyl3Kt",25 Friends. Family. Food. Forest. Owner of @rosewatches and @FoxleyFishing . Slight obsession with football and AC/DC. Working hard to achieve my dreams!,Warwickshire/Nottingham,1351,1128,147327,http://pbs.twimg.com/profile_images/1225870415404224513/KgkTmxPd_normal.jpg
87,Thu Sep 15 20:57:19 +0000 2022,1570517139295178752,username101,@own_me_if_u_can @Kawaki53795419 @ihasfingers @Sommy03412765 @Dash_076 @SK10_Football Doesnt change the fact he bitched away at deadline day,,,11,9,1754,http://abs.twimg.com/sticky/default_profile_images/default_profile_normal.png
88,Thu Sep 15 20:56:34 +0000 2022,1570516949070938112,James Mountain Man,@JBStyles23 As a Canadian and a huge hockey fan. I would watch football over hockey any day. Football is once a weeâ€¦ https://t.co/sVsmKHbux1,"Navy Vet!
Truck Driver
Father, Friend

NFL Fan since 1983  I watch every team play but the Bills are my 1st love
 I ARGUE FACTS NOT FEELINGS you've been warned!","Ontario, now Alberta Canada",198,756,3128,http://pbs.twimg.com/profile_images/1545247461219770369/1AdFJfsy_normal.jpg
89,Thu Sep 15 20:30:00 +0000 2022,1570510263664582656,Mouth of the Tyne - Shields Gazette,"ğŸ§¤ Martin Dubravka has revealed the reasons for his deadline day switch to Manchester United

#NUFC | #MUFC 

https://t.co/Nx6zydHIlL",ğŸ™ï¸A weekly Newcastle United podcast brought to you by the @shieldsgazette âš½,Tyneside,3505,27,18976,http://pbs.twimg.com/profile_images/1253589242216943616/k-Lq0dLA_normal.jpg
90,Thu Sep 15 20:01:15 +0000 2022,1570503031707373576,Scottish Sun Sport,"Ben Foster retires from football after turning down PL deadline day transfer 

https://t.co/HinrGgbdAX",The home of Scottish Sun Sport on Twitter. Also on Facebook: https://t.co/QGoIpCJZ2jâ€¦,"Glasgow, Scotland",42168,385,200168,http://pbs.twimg.com/profile_images/1568251138331246594/EYjbJMV7_normal.jpg
91,Thu Sep 15 19:19:00 +0000 2022,1570492396005036033,Aston Villa News,"Villa fought off deadline day interest in the player.
https://t.co/7fb3Xxr5kJ",#AVFC news and opinion from @birmingham_live || Keep up to date with our Villa podcast: @ClaretBluePod Sign up to our newsetter here: https://t.co/uLGO4gozqw,Birmingham,83170,597,104687,http://pbs.twimg.com/profile_images/1559901828703215618/9xIDHA_P_normal.jpg
92,Thu Sep 15 18:38:10 +0000 2022,1570482121948696576,username101,@Kawaki53795419 @own_me_if_u_can @ihasfingers @Sommy03412765 @Dash_076 @SK10_Football You dont need to ğŸ˜‚ ronaldo raâ€¦ https://t.co/NFIPzj0RyI,,,11,9,1754,http://abs.twimg.com/sticky/default_profile_images/default_profile_normal.png
93,Thu Sep 15 17:26:19 +0000 2022,1570464039716933635,The Sun - Man Utd,Ben Foster retires from football after turning down PL deadline day transfer https://t.co/nxDGCT0cVr,Follow all the latest news on Man United from @TheSunFootball @SunSport,,62422,5,38955,http://pbs.twimg.com/profile_images/766320444072988672/MMr2dinT_normal.jpg
94,Thu Sep 15 17:02:34 +0000 2022,1570458064041517058,The Guru,"Ben Foster, 39, retires from professional football after turning down deadline day Newcastle transfer - 15 Septembeâ€¦ https://t.co/SQsYKYpwIy","Retro Gamer
Coder
Kodi User
Web Designer
Hoster","England, United Kingdom",423,122,39060,http://pbs.twimg.com/profile_images/1570470361942065152/B3UVCZeA_normal.jpg
95,Thu Sep 15 16:21:45 +0000 2022,1570447792476426240,AllNigeriaSoccer,Chelsea-reared Super Eagles star was a genuine transfer target for West Ham on deadline day :: All Nigeria Soccer -â€¦ https://t.co/O6IqYa5MYr,"Nigeria's number one voice on the transfer market, dual-eligible players and stars of the future. Often cited by European Sports Media (ESM). Statistics expert.","Lagos, Nigeria",8470,818,72538,http://pbs.twimg.com/profile_images/837241033738104837/BO4P_4Uy_normal.jpg
96,Thu Sep 15 16:14:57 +0000 2022,1570446080046960641,The Sun - Newcastle,Ben Foster retires from football after turning down PL deadline day transfer https://t.co/XzhV7CeUzZ,Follow all the latest news on Newcastle United with The Sun @TheSunFootball @SunSport,,3715,4,5334,http://pbs.twimg.com/profile_images/766323015558758401/zQ0ZD9sP_normal.jpg
97,Thu Sep 15 16:07:22 +0000 2022,1570444171001077761,Sun Sport,Ben Foster retires from football after turning down PL deadline day transfer https://t.co/sgcXMk37h1,Exclusive stories and breaking news from @TheSun's sport desk.,London,209848,349,236127,http://pbs.twimg.com/profile_images/626438963725770753/u3zAEnWA_normal.png
98,Thu Sep 15 16:01:15 +0000 2022,1570442632136130568,1899 Addict,Berichte in Griechenland  | Olympiakos aktiv am Deadline Day: Auch TSG-Rekordeinkauf SamassÃ©kou soll kommen #TSG |â€¦ https://t.co/DsuvDgX89o,"Alle TSG 1899 Hoffenheim Nachrichten, Videos und Ergebnisse #TSG !",Hoffenheim,113,400,7063,http://pbs.twimg.com/profile_images/986233362896621574/A30GB5sG_normal.jpg
99,Thu Sep 15 16:00:02 +0000 2022,1570442324504633346,Cengiz Adabag,"Ben Foster, 39, retires from professional football after turning down deadline day NewcastleÂ transfer https://t.co/55gsvCoqc4","Breaking News, Sports, Entertainment",Brasil,1510,545,896170,http://pbs.twimg.com/profile_images/1502056881942147094/YSR_gmaJ_normal.jpg
100,Thu Sep 15 15:57:48 +0000 2022,1570441762249887744,Cengiz Adabag,"Ben Foster, 39, retires from professional football after turning down deadline day NewcastleÂ transfer https://t.co/9uxXNokaKd","Breaking News, Sports, Entertainment",Brasil,1510,545,896170,http://pbs.twimg.com/profile_images/1502056881942147094/YSR_gmaJ_normal.jpg
101,Thu Sep 15 15:54:50 +0000 2022,1570441016309854209,The Sun Football âš½,Ben Foster retires from football after turning down deadline day transfer https://t.co/BJBxYVcgCE https://t.co/4hvG4nf3NK,"Breaking news, goals, live coverage and more. Give us a like on Facebook too: https://t.co/e7co9KegRB",,550340,624,341800,http://pbs.twimg.com/profile_images/1567939825474355200/qwJraMmT_normal.jpg
102,Thu Sep 15 15:44:49 +0000 2022,1570438497298780163,The Goalpost,"Official: Former Watford, Manchester United and West Bromwich Albion goalkeeper Ben Foster has announced his retireâ€¦ https://t.co/EqNuSQO78h","The Home of Football News âš½

Transfers â†”ï¸
Quotes ğŸ’¬
Analysis ğŸ§ 
Stats ğŸ”¢

DM us for enquiries/collabs ğŸ“¨
Socials: https://t.co/FmvHslQWrE
#TheGoalpostNews",Malta,2240,494,50179,http://pbs.twimg.com/profile_images/1407311638559084544/ASjX6LX0_normal.jpg
103,Thu Sep 15 15:30:49 +0000 2022,1570434974117146632,1899 Addict,Samassekou vor dem Absprung - Auch Hoffenheim-Star soll kommen: Olympiakos am Deadline-Day im Kaufrausch #TSG | Focâ€¦ https://t.co/5rCrcMjpcH,"Alle TSG 1899 Hoffenheim Nachrichten, Videos und Ergebnisse #TSG !",Hoffenheim,113,400,7063,http://pbs.twimg.com/profile_images/986233362896621574/A30GB5sG_normal.jpg
104,Thu Sep 15 15:28:44 +0000 2022,1570434450307313666,Adam Leventhal,News: Ben Foster has announced his retirement from football. Had offer from #NUFC which he turned down after deadliâ€¦ https://t.co/kmawTMHaGs,Journalist & Broadcaster @TheAthleticUK Instagram: https://t.co/OFHye44u8J,"London, England",79535,2582,22441,http://pbs.twimg.com/profile_images/1377650028160901126/68Xgmndx_normal.jpg
105,Thu Sep 15 14:45:00 +0000 2022,1570423442586771456,Leeds United News,"New signings and first-team stalwarts expected to feature. #lufc 

https://t.co/4CJ5yBX3nK",Subscribe to @LeedsNews for unlimited access to all the biggest news and sports stories in Leeds with 70% fewer ads: https://t.co/ktmTJXqcLX,"Leeds, England",41381,306,34713,http://pbs.twimg.com/profile_images/1389355963749126151/V6r9x509_normal.jpg
106,Thu Sep 15 12:57:54 +0000 2022,1570396491734458376,Gerry Mc Dermott,Leeds U21s coach Michael Skubala admits Willy Gnonto in contention for Elland Road debut https://t.co/NHxVKXlE0n,"Leeds United biggest supporter, football fanatic, all round good guy & a Tesco Ireland employee!","Galway, Ireland",5145,5648,133626,http://pbs.twimg.com/profile_images/3312146777/e9b31826217264c67f2752ce12583ee0_normal.jpeg
107,Thu Sep 15 11:52:22 +0000 2022,1570379997986320385,Cat's Day,Itâ€™s official: EPL side Chelsea have signed Gabonese striker Pierre-Emerick Aubameyang on a permanent transfer fromâ€¦ https://t.co/PfDBBZUmsQ,I love Cats,,25,1,3158,http://pbs.twimg.com/profile_images/1569944880658673664/-H0LCisv_normal.jpg
108,Thu Sep 15 11:15:00 +0000 2022,1570370593781866501,Leeds United News,"ğŸ“° Early team news ahead of #LUFC U21s tomorrow night.

https://t.co/4CJ5yBFswc",Subscribe to @LeedsNews for unlimited access to all the biggest news and sports stories in Leeds with 70% fewer ads: https://t.co/ktmTJXqcLX,"Leeds, England",41381,306,34713,http://pbs.twimg.com/profile_images/1389355963749126151/V6r9x509_normal.jpg
109,Thu Sep 15 11:09:29 +0000 2022,1570369207879208963,Chad,"Barcelona held talks with Atletico Madrid for a like-for-like player swap on deadline day
#Ronaldinhoâ€¦ https://t.co/mQnILa0zVq","Dreaming is the poetry of Life, and we must be forgiven if we indulge in it a little.","QUEENS VILLAGE, NY ğŸ‡ºğŸ‡¸",108,174,11527,http://pbs.twimg.com/profile_images/969471003603615744/phiA4Wgd_normal.jpg
110,Thu Sep 15 11:00:31 +0000 2022,1570366949548343300,Mouth of the Tyne - Shields Gazette,"ğŸ§¤ Martin Dubravka has revealed the reasons for his move to Manchester United on deadline day

#NUFC | #MUFC 

https://t.co/Nx6zydq7ud",ğŸ™ï¸A weekly Newcastle United podcast brought to you by the @shieldsgazette âš½,Tyneside,3505,27,18976,http://pbs.twimg.com/profile_images/1253589242216943616/k-Lq0dLA_normal.jpg
111,Thu Sep 15 10:43:00 +0000 2022,1570362540584042496,Leeds United News,"ğŸ‘ ""When you get more exciting prospects in the building together, what an environment for all of these young playerâ€¦ https://t.co/FnShT2Mv6L",Subscribe to @LeedsNews for unlimited access to all the biggest news and sports stories in Leeds with 70% fewer ads: https://t.co/ktmTJXqcLX,"Leeds, England",41381,306,34713,http://pbs.twimg.com/profile_images/1389355963749126151/V6r9x509_normal.jpg
112,Thu Sep 15 10:41:58 +0000 2022,1570362282898608129,Sports Informer,Leicester found â€˜exhausting agreementâ€™ to sign forward on deadline day â€“ Player had late change ofÂ mind https://t.co/GbZTyUUWi5,Transfer news & gossip from the Premier League & beyond. Updates every 40 minutes.  Sports StartUp,"Reading, UK",171,97,208490,http://pbs.twimg.com/profile_images/1307557569418997763/2daCFXvp_normal.jpg
113,Thu Sep 15 10:24:05 +0000 2022,1570357779776540672,Leeds United Fans,Leeds United coach breaks silence on Elland Road plan for deadline day transfer Willy Gnonto #EveningPostâ€¦ https://t.co/HVs9VoB5h7,Leeds United Football Club News & Blogs! Fan Page NOT linked to Official Club #WeAreLeeds #Leeds #LeedsUtd #LeedsLeedsLeeds #LeedsUnited #LUFC #MOT,,6219,1782,71293,http://pbs.twimg.com/profile_images/920155009752317953/6wCeYPyb_normal.jpg
114,Thu Sep 15 10:17:34 +0000 2022,1570356143154757634,Leeds News App,Leeds United coach breaks silence on Elland Road plan for deadline day transfer Willy Gnonto: https://t.co/VAYMNd3Ifg,"iOS: https://t.co/ITnL8VCxh1
Android: https://t.co/VfbAk8KV3k","Leeds, England",524,280,61382,http://pbs.twimg.com/profile_images/905348714755215360/UleqrlCD_normal.jpg
115,Thu Sep 15 09:54:35 +0000 2022,1570350358777692160,Shaun,Leeds United coach breaks silence on Elland Road plan for deadline day transfer Willy Gnonto https://t.co/Jqz9AZjOAQ,âš½âš½LUFC âš½âš½ Yorkshire born and bred.           Follow for regular LUFC News updates and stories.,,1377,666,40650,http://pbs.twimg.com/profile_images/3568011486/edc81b2ff21352bd85af383aca467ade_normal.jpeg
